{
  "train": {
    "mse": 13.981354713439941,
    "rmse": 3.739164975424318,
    "mae": 2.8189096450805664,
    "pearson_r": 0.7261847215392044
  },
  "dev": {
    "mse": 51.38022994995117,
    "rmse": 7.168000415035644,
    "mae": 5.7560553550720215,
    "pearson_r": 0.0014542690026795985
  },
  "test": {
    "mse": 4608647680.0,
    "rmse": 67887.02144003668,
    "mae": 9908.2880859375,
    "pearson_r": 0.16069026837451822
  }
}