{
  "train": {
    "mse": 4.751307184273611,
    "rmse": 2.1797493397805194,
    "mae": 1.741475776624726,
    "pearson_r": 0.9812753540511736
  },
  "dev": {
    "mse": 41.600536405894566,
    "rmse": 6.449847781606522,
    "mae": 5.5699670557616985,
    "pearson_r": 0.14512662432555962
  },
  "test": {
    "mse": 41.25177463257659,
    "rmse": 6.422754442805407,
    "mae": 5.310614866368856,
    "pearson_r": 0.08581914701267249
  }
}