{
  "train": {
    "mse": 11.455818176269531,
    "rmse": 3.3846444682225534,
    "mae": 2.5802481174468994,
    "pearson_r": 0.7827033685698629
  },
  "dev": {
    "mse": 36.86757278442383,
    "rmse": 6.071867322696027,
    "mae": 4.949734210968018,
    "pearson_r": 0.36950570202644273
  },
  "test": {
    "mse": 40.55751419067383,
    "rmse": 6.368478169129092,
    "mae": 5.008513927459717,
    "pearson_r": 0.20589517147266573
  }
}