{
  "train": {
    "mse": 13.97891902923584,
    "rmse": 3.7388392622892788,
    "mae": 2.8211922645568848,
    "pearson_r": 0.7262033694449516
  },
  "dev": {
    "mse": 51.58384323120117,
    "rmse": 7.1821893062771025,
    "mae": 5.767848014831543,
    "pearson_r": -0.002179837654843332
  },
  "test": {
    "mse": 4798708224.0,
    "rmse": 69272.70908518015,
    "mae": 10110.4208984375,
    "pearson_r": 0.1606903407744376
  }
}