{
  "train": {
    "mse": 11.45698356628418,
    "rmse": 3.3848166222535867,
    "mae": 2.5785512924194336,
    "pearson_r": 0.7826985262454541
  },
  "dev": {
    "mse": 36.857154846191406,
    "rmse": 6.071009376223315,
    "mae": 4.948986053466797,
    "pearson_r": 0.3698999801896126
  },
  "test": {
    "mse": 40.569419860839844,
    "rmse": 6.369412834856902,
    "mae": 5.009350299835205,
    "pearson_r": 0.20525324831285785
  }
}