split,rmse,mae,pearson_r
train,4.752622181758094,3.862208366394043,0.556234776464042
dev,6.1467667555090175,5.113649845123291,0.35096439342822083
test,6.443828250028793,5.556402206420898,0.09513668653658729
