{
  "train": {
    "mse": 6.990220119857446,
    "rmse": 2.6439024414409555,
    "mae": 1.4483003864721429,
    "pearson_r": 0.8950217992075927
  },
  "dev": {
    "mse": 53.58334881367453,
    "rmse": 7.32006480939032,
    "mae": 5.953247317436312,
    "pearson_r": -0.1621537909277219
  },
  "test": {
    "mse": 44.70371172015827,
    "rmse": 6.686083436523827,
    "mae": 5.290331522373817,
    "pearson_r": 0.04511211505707688
  }
}