{
  "train": {
    "mse": 4.564329667616871,
    "rmse": 2.1364291861929035,
    "mae": 1.685926596573209,
    "pearson_r": 0.9837430798092112
  },
  "dev": {
    "mse": 43.71897416744093,
    "rmse": 6.612032529218299,
    "mae": 5.521914370748299,
    "pearson_r": 0.0723231642394508
  },
  "test": {
    "mse": 42.143941990324194,
    "rmse": 6.4918365652813685,
    "mae": 5.387561634582911,
    "pearson_r": 0.05405222561980534
  }
}