{
  "train": {
    "mse": 8.107639311656252,
    "rmse": 2.847391668115971,
    "mae": 1.577121052037208,
    "pearson_r": 0.8783752187273596
  },
  "dev": {
    "mse": 40.64811400311175,
    "rmse": 6.375587345736214,
    "mae": 5.066312731168642,
    "pearson_r": 0.29608679819092315
  },
  "test": {
    "mse": 43.625859520367435,
    "rmse": 6.604987473142355,
    "mae": 5.324618831379923,
    "pearson_r": 0.09229972174971891
  }
}