epoch,train_loss,train_rmse,train_mae,train_pearson_r,dev_rmse,dev_mae,dev_pearson_r
1,0.4546379517590603,5.445472572633769,4.450985431671143,-0.0705737948873201,6.622669889834957,5.489506721496582,0.018641725209360673
2,0.2816704031454045,5.444369306932489,4.497331142425537,0.21883570439230357,6.535539158686647,5.50484561920166,0.40475607050722573
3,0.2797060712120656,5.429433341904528,4.476826190948486,0.31279858489334106,6.545790844283035,5.4896931648254395,0.3431045405596218
4,0.2794640054468155,5.336850715114666,4.365111827850342,0.3571214953770141,6.453173177691677,5.3481831550598145,0.39103208195206424
5,0.27515124645318856,5.306987101083293,4.335944175720215,0.3652139898810542,6.4014124027054935,5.307743549346924,0.3807208656368343
