split,rmse,mae,pearson_r
train,5.306987101083293,4.335944175720215,0.3652139898810542
dev,6.4014124027054935,5.307743549346924,0.3807208656368343
test,6.415272086387515,5.403700351715088,0.05213925967409238
